feature,importance
Billing Amount,0.5774324670503977
Age,0.12290072142275037
Blood Type,0.07213173547035312
Medical Condition,0.05996639086982966
Medication,0.057319035869648725
Insurance Provider,0.05440809939162448
Admission Type,0.0336765404412234
Gender,0.022165009484172493
